대,선거구명,기호,정당명,성명,한자,성별,생년월일,연령,직업,학력,득표율
1,서울특별시,1,민주자유당,정원식,鄭元植,남,1928.08.05,66,기타,미국피바디대학원졸,20.67
1,서울특별시,2,민주당,조순,趙淳,남,1928.02.01,67,교육자,미국켈리포니아버클리대학원졸,42.35
1,서울특별시,3,친민당,박홍래,朴弘來,남,1948.07.13,46,정치인,경기대경영대학원최고경영자과정1년수료,0.51
1,서울특별시,4,통일한국당,고순복,高順福,남,1940.01.15,55,변호사,동국대대학원졸,0.21
1,서울특별시,5,무소속,김명호,金明豪,남,1955.01.21,40,기타,미국트리니티신학교졸,0.2
1,서울특별시,6,무소속,김옥선,金鈺仙,여,1934.04.02,61,정치인,중앙대대학원정치학박사과정수료,0.36
1,서울특별시,7,무소속,박찬종,朴燦鍾,남,1939.04.19,56,변호사,서울대상대경제학과졸,33.51
1,서울특별시,8,무소속,정기용,鄭基用,남,1940.10.29,54,기타,미국링컨대2년수료,0.12
1,서울특별시,9,무소속,황산성,黃山城,여,1944.11.13,50,변호사,서울대법대졸,2.01
1,부산광역시,1,민주자유당,문정수,文正秀,남,1939.08.09,55,정당인,연세대학교 행정대학원 졸업,51.4
1,부산광역시,2,민주당,노무현,盧武鉉,남,1946.08.06,48,정당인,부산상고졸업,37.58
1,부산광역시,3,무소속,김현옥,金玄玉,남,1926.10.27,68,무,육군사관학교 줄업,9.84
1,부산광역시,4,무소속,배상한,裵相漢,남,1928.09.11,66,통계연구소,성균관대 대학원(연구과정 중퇴),1.16
1,대구광역시,1,민주자유당,조해녕,曺海寧,남,1943.11.04,51,정당인,서울대행정대학원졸,16.87
1,대구광역시,2,자유민주연합,이의익,李義翊,남,1940.05.06,55,정당인,성균관대행정대학원졸,22.14
1,대구광역시,3,무소속,문희갑,文熹甲,남,1937.06.09,58,대구경제연구소이사장,서울대행정대학원졸,36.79
1,대구광역시,4,무소속,안유호,安有鎬,남,1942.03.01,53,발명가,영남대경영대학원졸,2.84
1,대구광역시,5,무소속,이해봉,李海鳳,남,1940.06.15,55,무,서울대법과대학졸,21.35
1,인천광역시,1,민주자유당,최기선,崔箕善,남,1945.05.15,50,정치인,서울대법대졸,40.81
1,인천광역시,2,민주당,신용석,愼鏞碩,남,1941.10.18,53,정치인,서울대농화학과졸,31.73
1,인천광역시,3,자유민주연합,강우혁,康祐赫,남,1938.01.20,57,정당인,서울대법대졸,27.44
1,광주광역시,1,민주자유당,김동환,金東桓,남,1932.03.18,63,지역진흥연구회장,고려대졸,10.28
1,광주광역시,2,민주당,송언종,宋彦鍾,남,1937.04.05,58,변호사,서울대졸,89.71
1,대전광역시,1,민주자유당,염홍철,廉弘喆,남,1944.09.06,50,정당인,중앙대대학원 정치외교학과 졸,20.93
1,대전광역시,2,민주당,변평섭,邊平燮,남,1940.02.10,55,무,충남대학교 영문학과 졸,10.84
1,대전광역시,3,자유민주연합,홍선기,洪善基,남,1936.10.03,58,정당인,중앙대학교 경제학과 졸,63.76
1,대전광역시,4,무소속,이대형,李大衡,남,1942.03.10,53,무,서울대학교 법과대학 졸,4.45
1,경기도,1,민주자유당,이인제,李仁濟,남,1948.12.11,46,정치인,서울대법대졸,40.56
1,경기도,2,민주당,장경우,張慶宇,남,1942.04.12,53,정치인,고려대경영학과졸,29.6
1,경기도,3,자유민주연합,김문원,金文元,남,1941.03.05,54,정치인,서울대정치학과졸,10.15
1,경기도,4,무소속,임사빈,任仕彬,남,1935.08.26,59,정치인,건국대행정학과졸,19.67
1,강원도,1,민주자유당,이상룡,李相龍,남,1934.02.27,61,무,고려대졸,34.17
1,강원도,2,자유민주연합,최각규,崔珏圭,남,1933.11.03,61,무,서울대졸,65.82
1,충청북도,1,민주자유당,김덕영,金德永,남,1942.06.08,53,정치인,서울대 법학과졸,23.29
1,충청북도,2,민주당,이용희,李龍熙,남,1931.06.10,64,정치인,대전사범학교졸,24.5
1,충청북도,3,자유민주연합,주병덕,朱炳德,남,1936.11.05,58,정치인,서울대행정대학원졸,36.43
1,충청북도,4,무소속,양성연,梁成淵,남,1933.10.19,61,회사원,육군사관학교졸,3.72
1,충청북도,5,무소속,윤석조,尹錫祚,남,1940.07.20,54,서주산업(주)회장,서울대문리대졸,4.06
1,충청북도,6,무소속,조남성,趙南星,남,1944.03.06,51,공익사업,서울대문리대졸,7.97
1,충청남도,1,민주자유당,박중배,朴重培,남,1939.12.12,55,정당인,중앙대 법학과졸,19.18
1,충청남도,2,민주당,조중연,趙重衍,남,1936.07.22,58,정당인,성균관대 정치학과 졸,12.92
1,충청남도,3,자유민주연합,심대평,沈大平,남,1941.04.07,54,정당인,서울대 경제학과 졸,67.88
1,전라북도,1,민주자유당,강현욱,姜賢旭,남,1938.03.27,57,정당인,서울대졸,32.84
1,전라북도,2,민주당,유종근,柳鍾根,남,1944.03.02,51,정당인,미국뉴욕주립대학원졸업,67.15
1,전라남도,1,민주자유당,전석홍,全錫洪,남,1934.01.13,61,무직,서울대환경대학원졸,26.49
1,전라남도,2,민주당,허경만,許京萬,남,1938.03.04,57,정치인,서울대사법대학원졸,73.5
1,경상북도,1,민주자유당,이의근,李義根,남,1938.11.07,56,정치인,영남대졸,37.94
1,경상북도,2,자유민주연합,박준홍,朴俊弘,남,1947.01.26,48,정치인,경희대졸,27.71
1,경상북도,3,무소속,이판석,李判石,남,1934.01.17,61,무직,서울대학원졸업,34.33
1,경상남도,1,민주자유당,김혁규,金爀珪,남,1939.08.01,55,무,부산대졸,63.84
1,경상남도,2,자유민주연합,김용균,金容鈞,남,1942.02.18,53,변호사,서울대졸,36.15
1,제주특별자치도,1,민주자유당,우근민,禹瑾敏,남,1942.11.04,52,무,경희대 대학원 졸업,32.53
1,제주특별자치도,2,민주당,강보성,姜普性,남,1930.11.05,64,정치인,단국대 대학원 수료,24.27
1,제주특별자치도,3,무소속,신구범,愼久範,남,1942.02.02,53,,육사 4년 중퇴,40.64
1,제주특별자치도,4,무소속,신두완,申斗完,남,1928.12.15,66,정치인,고려대학원 수료,2.54
2,서울특별시,1,한나라당,최병렬,崔秉烈,남,1938.09.16,59,정당인,미남가주대학원졸업,43.99
2,서울특별시,2,새정치국민회의,고건,高建,남,1938.01.02,60,정당인,서울대 환경대학원 졸업,53.46
2,서울특별시,4,무소속,이병호,李丙昊,남,1926.03.17,72,변호사,서울대 문리대학 정치학과 수료,2.54
2,부산광역시,1,한나라당,안상영,安相英,남,1938.11.18,59,정당인,서울대 토목공학과 졸업,45.14
2,부산광역시,2,새정치국민회의,하일민,河一民,남,1940.03.21,58,부산대 철학과 교수,경북대 대학원 철학과 졸업,11.4
2,부산광역시,4,무소속,김기재,金杞載,남,1946.09.06,51,정치인,동국대 행정대학원 졸업,43.45
2,대구광역시,1,한나라당,문희갑,文熹甲,남,1937.06.09,60,대구광역시장,서울대 행정대학원 졸업,71.98
2,대구광역시,3,자유민주연합,이의익,李義翊,남,1940.05.06,58,정당인,성균관대 경영행정대학원 졸업,20.66
2,대구광역시,4,국민신당,유성환,兪成煥,남,1931.08.20,66,정치인,영남대 법정대학 졸업,7.35
2,인천광역시,1,한나라당,안상수,安相洙,남,1946.05.28,52,정당인,美 트로이대학원 경영학과 졸업,34.04
2,인천광역시,3,자유민주연합,최기선,崔箕善,남,1945.05.15,53,공무원,서울대 법학과 졸업,53.49
2,인천광역시,4,국민신당,김용모,金容模,남,1947.10.16,50,정당인,서울대 정치학과 졸업,12.45
2,광주광역시,2,새정치국민회의,고재유,高在維,남,1938.03.20,60,정당인,조선대 대학원 법학과 졸업,67.2
2,광주광역시,4,무소속,이승채,李承采,남,1955.02.25,43,변호사,조선대 대학원 법학과 졸업,32.79
2,대전광역시,3,자유민주연합,홍선기,洪善基,남,1936.10.03,61,대전광역시장,중앙대 경제학과 졸업,73.68
2,대전광역시,4,국민신당,송천영,宋千永,남,1939.12.16,58,정당인,국민대 법학과 중퇴,18.12
2,대전광역시,5,무소속,조명현,曺明鉉,남,1937.12.30,60,충남대 정외과 교수,미국 Miami대 정치학박사 취득,8.18
2,울산광역시,1,한나라당,심완구,沈完求,남,1938.07.01,59,울산광역시장,성균관대 경제학과졸업,42.74
2,울산광역시,3,자유민주연합,차화준,車和俊,남,1935.01.05,63,정치인,연세대 정외과 졸업,7.91
2,울산광역시,4,국민신당,강정호,姜正昊,남,1954.12.13,43,변호사,부산대 법학과 졸업,9.89
2,울산광역시,5,무소속,송철호,宋哲鎬,남,1949.05.26,49,변호사,고려대 행정학과 졸업,39.44
2,경기도,1,한나라당,손학규,孫鶴圭,남,1947.11.22,50,정당인,영국 옥스포드대 정치학박사,45.69
2,경기도,2,새정치국민회의,임창열,林昌烈,남,1944.05.27,54,정치인,윌리암스칼리지개발경제학과졸업,54.3
2,강원도,1,한나라당,김진선,金振선,남,1946.11.10,51,정당인,동국대 행정학과 졸업,39.27
2,강원도,3,자유민주연합,한호선,韓灝鮮,남,1936.09.28,61,정당인,고려대 행정학과 졸업,33.84
2,강원도,4,무소속,이상룡,李相龍,남,1934.02.27,64,관동대 객원교수,고려대 경제학과 졸업,26.87
2,충청북도,1,한나라당,주병덕,朱炳德,남,1936.11.05,61,충청북도지사,서울대 행정대학원 졸업,25.85
2,충청북도,3,자유민주연합,이원종,李元鍾,남,1942.04.04,56,정당인,성균관대 행정학과 졸업,74.14
2,충청남도,1,한나라당,한청수,韓淸洙,남,1940.03.05,58,정당인,서울대 행정학과 졸업,15.36
2,충청남도,3,자유민주연합,심대평,沈大平,남,1941.04.07,57,정당인,서울대 경제학과 졸업,84.63
2,전라북도,2,새정치국민회의,유종근,柳鍾根,남,1944.03.02,54,전라북도 도지사,뉴욕주립대 대학원 졸업(71∼73),100
2,전라남도,2,새정치국민회의,허경만,許京萬,남,1938.03.04,60,공무원,서울대 사법대학원 졸업,100
2,경상북도,1,한나라당,이의근,李義根,남,1938.11.07,59,경상북도지사,영남대 경제학과 졸업,71.96
2,경상북도,3,자유민주연합,이판석,李判石,남,1934.01.17,64,정당인,서울대 환경대학원 졸업,28.03
2,경상남도,1,한나라당,김혁규,金爀珪,남,1939.08.01,58,공무원,부산대법정대학행정학과졸업,74.64
2,경상남도,2,새정치국민회의,강신화,姜信和,남,1941.10.01,56,정당인,부산사범대체육과졸업,12.84
2,경상남도,4,무소속,허문도,許文道,남,1940.02.26,58,정치평론가,일본동경대사회학과박사과정수료,12.5
2,제주특별자치도,1,한나라당,현임종,玄林鍾,남,1934.02.22,64,정당인,서울대 상과 졸업,16.45
2,제주특별자치도,2,새정치국민회의,우근민,禹瑾敏,남,1942.11.04,55,정당인,경희대 행정대학원 졸업,52.76
2,제주특별자치도,4,무소속,신구범,愼久範,남,1942.02.02,56,제주도지사,육사 4년 중퇴,30.78
3,서울특별시,1,한나라당,이명박,李明博,남,1941.12.19,60,정당인,고려대학교 경영대학 4년 졸업,52.28
3,서울특별시,2,새천년민주당,김민석,金民錫,남,1964.05.29,38,정당인,94∼95하버드대케네디행정대학원행정학석사,43.02
3,서울특별시,3,녹색평화당,임삼진,林三鎭,남,1960.03.26,42,정당인,성균관대학교 행정대학원 5학기 졸업,0.8
3,서울특별시,4,민주노동당,이문옥,李文玉,남,1939.11.10,62,정당인,광주고등학교 졸업,2.52
3,서울특별시,5,사회당,원용수,元容秀,남,1969.12.28,32,정당인,서울대학교 법학과 4년 제적,0.37
3,서울특별시,6,무소속,이경희,李京熹,남,1974.01.20,28,민족통일건설(주) 대표,경희대학교 법학과 4년 졸업,0.98
3,부산광역시,1,한나라당,안상영,安相英,남,1938.11.18,63,부산광역시장,서울대학교 토목공학과 4년 졸업,63.76
3,부산광역시,2,새천년민주당,한이헌,韓利憲,남,1944.05.11,58,정당인,서울대학교 경제학과 4년 졸업,19.39
3,부산광역시,3,민주노동당,김석준,金錫俊,남,1957.03.28,45,부산대 교수,서울대학교 사회학과 4년 졸업,16.83
3,대구광역시,1,한나라당,조해녕,曺海寧,남,1943.11.04,58,한국재난연구원원장,서울대학교 행정대학원 2년 졸업,61.18
3,대구광역시,3,무소속,이재용,李在庸,남,1954.07.01,47,무직,서울대학교 치과대학6년졸업,38.81
3,인천광역시,1,한나라당,안상수,安相洙,남,1946.05.28,56,정당인,서울대학교 경영대학원 5학기졸업,56.17
3,인천광역시,2,새천년민주당,박상은,朴商銀,남,1949.09.01,52,정당인,연세대학교 대학원 법학과 2년졸업,32.11
3,인천광역시,3,녹색평화당,신맹순,申孟淳,남,1942.05.14,60,정치인,고려대교육대학원 지리교육과 5학기수료,4.2
3,인천광역시,4,민주노동당,김창한,金昌漢,남,1960.06.25,41,정당인,동국대학교 농업생물학과 3년 제적('82),5.02
3,인천광역시,5,사회당,김영규,金榮圭,남,1946.09.03,55,인하대학교 사회과학대 교수,미국 USC 대학원재정학박사 학위취득('85),2.48
3,광주광역시,1,한나라당,이환의,李桓儀,남,1931.09.16,70,정당인,서울대학교사범대학사회학과4년졸업,11
3,광주광역시,2,새천년민주당,박광태,朴光泰,남,1943.06.02,59,정당인,조선대학교법정대학4년졸업,46.81
3,광주광역시,3,민주노동당,박종현,朴鍾賢,남,1959.12.17,42,캐리어(주)근무,조선대학교기계공학과4년졸업,7.4
3,광주광역시,4,무소속,정구선,鄭求宣,남,1939.10.15,62,시민단체 대표,전남대학교농과대학4년졸업,2.48
3,광주광역시,5,무소속,정동년,鄭東年,남,1943.11.23,58,정치인,전남대학교화학과4년졸업,27.04
3,광주광역시,6,무소속,정호선,鄭鎬宣,남,1943.01.29,59,정치인,프랑스뚤루즈공대전자공학과4년졸업,5.23
3,대전광역시,1,한나라당,염홍철,廉弘喆,남,1944.09.06,57,정당인,중앙대학교 대학원3년 졸업(정치학박사),46.61
3,대전광역시,3,자민련,홍선기,洪善基,남,1936.10.03,65,대전광역시장,중앙대학교 경상대학 경제학과4년 졸업,40.2
3,대전광역시,4,무소속,김헌태,金憲泰,남,1954.05.20,48,무직,한남대학교 대학원 2년 졸업,3.83
3,대전광역시,5,무소속,정하용,鄭夏容,남,1949.04.30,53,배재대학교 교수,단국대 대학원 3년졸업(행정학박사),9.34
3,울산광역시,1,한나라당,박맹우,朴孟雨,남,1950.11.08,51,정당인,경남대학교행정대학원2년졸업,53.07
3,울산광역시,3,민주노동당,송철호,宋哲鎬,남,1949.05.26,53,변호사,고려대학교법학과4년졸업,43.61
3,울산광역시,4,사회당,안승천,安承千,남,1960.01.20,42,정당인,부산대학교2년중퇴,3.3
3,경기도,1,한나라당,손학규,孫鶴圭,남,1947.11.22,54,정당인,영국옥스포드대학교 정치학박사(5년) 졸업,58.37
3,경기도,2,새천년민주당,진념,陳념,남,1940.12.02,61,정당인,서울대학교 경제학과 4년졸업,35.98
3,경기도,3,민주노동당,김준기,金準基,남,1938.09.29,63,정당인,서울대학교 농과대학 4년졸업,5.63
3,강원도,1,한나라당,김진선,金振선,남,1946.11.10,55,공무원,동국대학교행정학과4년졸업,71.11
3,강원도,2,새천년민주당,남동우,南東佑,남,1946.02.08,56,정당인,서울대학교행정대학원2년6월졸업,28.88
3,충청북도,1,한나라당,이원종,李元鐘,남,1942.04.04,60,공무원(도지사),성균관대학교 행정학과 4년 졸업,58.59
3,충청북도,3,자민련,구천서,具天書,남,1950.02.28,52,대한태권도협회 회장,고려대학교 정책과학대학원 석사과정 졸업,33.47
3,충청북도,4,무소속,장한량,張漢良,남,1952.03.26,50,무직,미국 와그너대학교 정치학과 4년 중퇴,7.92
3,충청남도,1,한나라당,박태권,朴泰權,남,1946.09.27,55,정당인,동국대학교 정치외교학과 4년 졸업,33.03
3,충청남도,3,자민련,심대평,沈大平,남,1941.04.07,61,충청남도지사,서울대학교 경제학과 4년졸업,66.96
3,전라북도,1,한나라당,라경균,羅庚均,남,1959.04.01,43,정당인,원광대학교 대학원 졸업(법학박사),8.3
3,전라북도,2,새천년민주당,강현욱,姜賢旭,남,1938.03.27,64,정당인,서울대학교 외교학과 4년 졸업,74.56
3,전라북도,3,무소속,손주항,孫周恒,남,1934.02.25,68,전주 대사습 장학재단 이사장,중앙대학교 정치과 4년 수료,17.12
3,전라남도,1,한나라당,황수연,黃守淵,남,1960.05.28,42,교수,전주대학교행정대학원7학기졸업,5.27
3,전라남도,2,새천년민주당,박태영,朴泰榮,남,1941.12.04,60,정당인,서울대학교 상과대학4년졸업,57.76
3,전라남도,3,무소속,송재구,宋載久,남,1941.09.21,60,정치인,한양대학교 일반대학원3년졸업(행정학박사),24.24
3,전라남도,4,무소속,송하성,宋河星,남,1954.10.20,47,경기대학교 경영대학원 교수,솔본느대학 경제학과 3년졸업(박사과정),9.17
3,전라남도,5,무소속,안수원,安銖源,남,1951.02.12,51,월드레져타운 대표,연세대행정대학원 정치학석사과정1학기재학,3.53
3,경상북도,1,한나라당,이의근,李義根,남,1938.11.07,63,경상북도지사,청구대(현 영남대학교) 경제학과4년졸업,85.49
3,경상북도,3,무소속,조영건,曺泳健,남,1935.08.02,66,의료법인 왜관병원 이사장,미기재,14.5
3,경상남도,1,한나라당,김혁규,金爀珪,남,1939.08.01,62,공무원,창원대학교 경영대학원졸업(경영학석사),74.5
3,경상남도,2,새천년민주당,김두관,金斗官,남,1959.04.10,43,정당인,동아대학교 정치외교학과 4년 졸업,16.88
3,경상남도,3,민주노동당,임수태,林守泰,남,1953.06.10,49,정당인,서울대학교 농과대학 4년졸업,8.6
3,제주특별자치도,1,한나라당,신구범,愼久範,남,1942.02.02,60,정당인,육군사관학교 4년 중퇴,45.41
3,제주특별자치도,2,새천년민주당,우근민,禹瑾敏,남,1942.11.04,59,공무원,경희대학교 경영행정대학원 2년 졸업,51.4
3,제주특별자치도,3,민국당,신두완,申斗完,남,1928.12.15,73,정당인,홍익대학교 법과 4년 졸업,3.18
4,서울특별시,1,열린우리당,강금실,康錦實,여,1957.02.12,49,변호사,서울대학교 법학과 졸업,27.31
4,서울특별시,2,한나라당,오세훈,吳世勳,남,1961.01.04,45,변호사,고려대학교 대학원 졸업 (법학박사),61.05
4,서울특별시,3,민주당,박주선,朴柱宣,남,1949.07.23,56,변호사,서울대학교 법학과 대학원(석사과정) 수료(2년),7.71
4,서울특별시,4,민주노동당,김종철,金鍾哲,남,1970.10.15,35,정당인,서울대학교 경제학과 졸업,2.97
4,서울특별시,5,국민중심당,임웅균,任雄均,남,1955.10.06,50,성악가,Osimo 아카데미 오페라과 졸업,0.35
4,서울특별시,6,시민당,이귀선,李貴仙,여,1959.03.23,47,정당인,신라대학교 일반대학원 졸업 (체육학석사),0.12
4,서울특별시,7,한미준,이태희,李泰熙,남,1958.12.09,47,정당인,프랑스 파리 H.E.I 대학교 국제관계와 외교학부 박사과정2년 수료,0.11
4,서울특별시,8,무소속,백승원,白承元,남,1949.09.22,56,평화기계대표,한국방송통신대학교 법학과 1학년 재학중,0.34
4,부산광역시,1,열린우리당,오거돈,吳巨敦,남,1948.10.28,57,열린우리당 정당인,동아대 대학원 행정학 박사,24.12
4,부산광역시,2,한나라당,허남식,許南植,남,1949.03.14,57,부산광역시장,서울대학교 행정대학원 졸업,65.54
4,부산광역시,4,민주노동당,김석준,金錫俊,남,1957.03.28,49,부산대학교 사범대 일반사회교육과 교수,서울대학교 대학원(박사) 졸업,10.32
4,대구광역시,1,열린우리당,이재용,李在庸,남,1954.07.01,51,정당인,서울대학교 치과대학 졸업,21.08
4,대구광역시,2,한나라당,김범일,金範鎰,남,1950.10.21,55,정당인,서울대학교 상과대학(경영학사) 졸업,70.15
4,대구광역시,4,민주노동당,이연재,李演宰,남,1962.12.28,43,정당인,경북대학교 철학과 졸업,3.91
4,대구광역시,5,국민중심당,박승국,朴承國,남,1940.04.01,66,정당인,경북대학교 사범대학 지리학과 졸업,0.96
4,대구광역시,6,무소속,백승홍,白承弘,남,1943.11.21,62,정치인,청구대학 경상학부 경제학과 1년 중퇴,3.88
4,인천광역시,1,열린우리당,최기선,崔箕善,남,1945.05.15,61,인천대학교 석좌교수,서울대학교 법학과 졸업,23.58
4,인천광역시,2,한나라당,안상수,安相洙,남,1946.05.28,60,인천광역시장,서울대학교 대학원 경영학과 졸업 (경영학 석사),61.93
4,인천광역시,3,민주당,신경철,申景澈,남,1953.08.21,52,인천광역시의회의원,인천대학교 산업경영공학과 3학년 재학,5.21
4,인천광역시,4,민주노동당,김성진,金聖珍,남,1960.02.22,46,민주노동당 인천광역시당 대표자,인하대학교 토목공학과 3년 중퇴,9.27
4,광주광역시,1,열린우리당,조영택,趙泳澤,남,1951.01.21,55,정당인,한양대학교 대학원 행정학 박사과정 수료,33.94
4,광주광역시,2,한나라당,한영,韓映,여,1941.02.27,65,한국여성재단 광주네트워크 대표,전남대학교 정치학과 졸업,3.97
4,광주광역시,3,민주당,박광태,朴光泰,남,1943.06.02,62,광주광역시장,조선대학교 법정대학 졸업,51.61
4,광주광역시,4,민주노동당,오병윤,吳秉潤,남,1957.06.26,48,정당인,전남대학교 사범대학 국어교육과 3년제적,10.46
4,대전광역시,1,열린우리당,염홍철,廉弘喆,남,1944.09.06,61,대전광역시장,중앙대학교 대학원 정치외교학과 졸업(정치학 박사),41.14
4,대전광역시,2,한나라당,박성효,朴城孝,남,1955.02.20,51,충남대학교 겸임교수,대전대학교 대학원 사회복지학과 졸업(사회복지학 석사),43.83
4,대전광역시,3,민주당,최기복,崔基福,남,1946.08.01,59,정당인,고려대학교 정치외교학과 졸업,1.21
4,대전광역시,4,민주노동당,박춘호,朴春鎬,남,1962.06.15,43,정당인,남대전고등학교 졸업,2.82
4,대전광역시,5,국민중심당,남충희,南忠熙,남,1955.01.01,51,기업인,스탠퍼드대학교 토목공학과 졸업(건설경영학 박사),10.45
4,대전광역시,6,한미준,고낙정,高樂正,남,1942.12.05,63,부동산컨설팅업 및 중개업,대전상업고등학교 졸업,0.51
4,울산광역시,1,열린우리당,심규명,沈揆明,남,1965.05.27,41,변호사,울산대학교 정책대학원 졸업(행정학석사),11.51
4,울산광역시,2,한나라당,박맹우,朴孟雨,남,1950.11.08,55,울산광역시장,동의대 대학원 졸업(행정학 박사),63.23
4,울산광역시,4,민주노동당,노옥희,盧玉姬,여,1958.05.15,48,정당인,부산대학교 수학과 졸업,25.25
4,경기도,1,열린우리당,진대제,陳大濟,남,1952.01.20,54,정당인,스탠포드 대학교 전자공학과&lt;박사&gt; 졸업［4년］,30.75
4,경기도,2,한나라당,김문수,金文洙,남,1951.08.27,54,정당인,서울대학교 경영학과 졸업,59.68
4,경기도,3,민주당,박정일,朴正一,남,1962.02.10,44,정당인,한양대학교 산업대학원 전자공학과 졸업,4.05
4,경기도,4,민주노동당,김용한,金容漢,남,1955.11.14,50,성공회대학교 외래교수,서울대학교 대학원 박사과정 졸업 (문학박사),5.5
4,강원도,1,열린우리당,이창복,李昌馥,남,1938.08.29,67,정당인,고려대학교 경제학과 2년 중퇴,22.19
4,강원도,2,한나라당,김진선,金振선,남,1946.11.10,59,공무원,동국대학교 행정학과 졸업,70.56
4,강원도,3,민주당,유재규,柳在珪,남,1933.10.16,72,정당인,동국대학교 정치학과 졸업,4.34
4,강원도,5,국민중심당,유승규,柳昇珪,남,1946.01.19,60,정당인,용인대학교 환경보건학과 2년중퇴,2.9
4,충청북도,1,열린우리당,한범덕,韓凡悳,남,1952.07.26,53,정당인,청주대학교 행정대학원 졸업(행정학석사),30.63
4,충청북도,2,한나라당,정우택,鄭宇澤,남,1953.02.18,53,홍곡과학문화재단 이사장,미국 하와이대 대학원 경제학3년 졸업(경제학박사),59.66
4,충청북도,4,민주노동당,배창호,裵昶晧,남,1960.08.05,45,회사원,경북공업전문대학 토목과 졸업,6.45
4,충청북도,5,국민중심당,조병세,趙炳世,남,1949.03.20,57,정당인,한양대학교 대학원 졸업(경제학박사),3.24
4,충청남도,1,열린우리당,오영교,吳盈敎,남,1948.02.13,58,정당인,고려대학교 경영대학원졸업(경영학석사),21.74
4,충청남도,2,한나라당,이완구,李完九,남,1950.06.02,55,정당인,미시건 주립대학교 대학원 형사정책학과 2년졸업(이학석사),46.31
4,충청남도,4,민주노동당,이용길,李鏞吉,남,1954.04.19,52,노동자(현대자동차 근무),숭전대학교(현 숭실대학교) 철학과 졸업,6.39
4,충청남도,5,국민중심당,이명수,李明洙,남,1955.02.11,51,건양대학교 부총장,성균관대학교 대학원 졸업(행정학 박사),25.54
4,전라북도,1,열린우리당,김완주,金完柱,남,1946.05.25,60,정당인,서울대학교 행정대학원 행정학과 졸업,48.08
4,전라북도,2,한나라당,문용주,文庸柱,남,1951.04.24,55,정당인,원광대 대학원 교육학 박사,7.76
4,전라북도,3,민주당,정균환,鄭均桓,남,1943.07.23,62,정당인,성균관대학교 대학원 졸업 (정치학 석사),36.53
4,전라북도,4,민주노동당,염경석,廉京石,남,1960.08.05,45,국민건강보험관리공단,전북대 법학과 졸업,7.61
4,전라남도,1,열린우리당,서범석,徐凡錫,남,1951.01.10,55,홍익대학교 초빙교수,미국 위스콘신메디슨대 대학원 교육정책학과2년 졸업(석사),19.19
4,전라남도,2,한나라당,박재순,朴載淳,남,1944.09.29,61,정당인,조선대학교 대학원 졸업(정치학박사),5.85
4,전라남도,3,민주당,박준영,朴峻瑩,남,1946.10.21,59,전라남도지사,성균관대학교 대학원 졸업(정치학 박사),67.69
4,전라남도,4,민주노동당,박웅두,朴雄斗,남,1968.07.27,37,농업,전남대학교 농과대학 농학과 졸,7.25
4,경상북도,1,열린우리당,박명재,朴明在,남,1947.07.05,58,정당인,연세대학교 행정대학원 졸업 (행정학 석사),23.19
4,경상북도,2,한나라당,김관용,金寬容,남,1942.11.29,63,정당인,영남대학교행정대학원 졸업(행정학 석사),76.8
4,경상남도,1,열린우리당,김두관,金斗官,남,1959.04.10,47,정당인,동아대학교 정치외교학과 졸업,25.41
4,경상남도,2,한나라당,김태호,金台鎬,남,1962.08.21,43,정무직 공무원,서울대학교 대학원졸업 (교육학박사),63.12
4,경상남도,4,민주노동당,문성현,文成賢,남,1952.02.08,54,정당인,서울대학교 경영학과 졸업,10.05
4,경상남도,5,국민중심당,김재주,金在珠,남,1939.11.27,66,정당인,동국대학교 법정대학 정치외교학과 졸업,1.4
4,제주특별자치도,1,열린우리당,진철훈,秦哲薰,남,1954.09.06,51,정당인,단국대학교 대학원 건축공학과(도시계획전공) 졸업 (공학박사),16.15
4,제주특별자치도,2,한나라당,현명관,玄明官,남,1941.09.02,64,경영인,일본 게이오대학원 경제학과 졸업(경제학석사,
4,제주특별자치도,6,무소속,김태환,金泰煥,남,1942.05.21,64,정치인,연세대학교 행정대학원 졸업(행정학석사),42.73
5,서울특별시,1,한나라당,오세훈,吳世勳,남,1961.01.04,49,서울시장,고려대학교 대학원 졸업(법학 박사),47.43
5,서울특별시,2,민주당,한명숙,韓明淑,여,1944.03.24,66,정당인,이화여자대학교 일반대학원 여성학과 졸업(문학석사),46.83
5,서울특별시,3,자유선진당,지상욱,池尙昱,남,1965.05.16,45,자유선진당 대변인,일본 동경대학대학원 졸업(건축공학 박사),2.04
5,서울특별시,7,진보신당,노회찬,魯會燦,남,1956.08.31,53,정당인,고려대학교 정치외교학과 졸업,3.26
5,서울특별시,8,미래연합,석종현,石琮顯,남,1943.10.23,66,정당인,독일 튀빙앤대학교 법학박사,0.41
5,부산광역시,1,한나라당,허남식,許南植,남,1949.03.14,61,부산광역시장,서울대학교 행정대학원 졸업(행정학 석사),55.42
5,부산광역시,2,민주당,김정길,金正吉,남,1945.05.28,65,정당인,부산대학교 생물학과 졸업,44.57
5,대구광역시,1,한나라당,김범일,金範鎰,남,1950.10.21,59,공무원,서울대학교 경영학과 졸업,72.92
5,대구광역시,2,민주당,이승천,李承天,남,1962.03.08,48,대구미래대경찰행정학과 부교수,계명대학교대학원 법학과 박사과정수료,16.86
5,대구광역시,7,진보신당,조명래,趙明來,남,1964.04.24,46,정당인,경북대학교 정치외교학과 3학년 중퇴,10.2
5,인천광역시,1,한나라당,안상수,安相洙,남,1946.05.28,64,인천광역시장,서울대학교 대학원 경영학과 졸업,44.38
5,인천광역시,2,민주당,송영길,宋永吉,남,1963.03.21,47,변호사,연세대학교 경영학과 졸업,52.69
5,인천광역시,7,진보신당,김상하,金相河,남,1964.06.01,46,변호사,서울대학교 법과대학 공법학과 졸업,1.85
5,인천광역시,8,평화민주당,백석두,白石斗,남,1955.02.08,55,정당인,미기재,1.06
5,광주광역시,1,한나라당,정용화,鄭容和,남,1964.09.09,45,정당인,서울대학교 대학원 정치학 박사,14.22
5,광주광역시,2,민주당,강운태,姜雲太,남,1948.11.15,61,정치인,서울대학교 외교학과 졸업,56.73
5,광주광역시,5,민주노동당,장원섭,張元燮,남,1966.01.13,44,정당인,고려대학교 자연자원대학 농생물학과 3년 제적,7.53
5,광주광역시,7,진보신당,윤난실,尹蘭實,여,1965.12.23,44,정당인,광주교육대학 3학년 자퇴,5.89
5,광주광역시,8,국민참여당,정찬용,鄭燦龍,남,1951.06.09,58,정당인,서울대학교 문리과대학 언어학과 졸업,14.48
5,광주광역시,9,평화민주당,조홍규,趙洪奎,남,1943.10.17,66,정치인,고려대학교 정경대학 정치외교학과,1.12
5,대전광역시,1,한나라당,박성효,朴城孝,남,1955.02.20,55,대전광역시장,대전대학교대학원 졸업(행정학박사),28.5
5,대전광역시,2,민주당,김원웅,金元雄,남,1944.03.08,66,정당인,서울대학교 정치학과 졸업,23.28
5,대전광역시,3,자유선진당,염홍철,廉弘喆,남,1944.09.06,65,경남대학교 북한대학원 석좌교수,중앙대학교 대학원졸업(정치학박사),46.67
5,대전광역시,7,진보신당,김윤기,金潤起,남,1974.05.09,36,정당인,충남대학교 농학과 4년 중퇴,1.53
5,울산광역시,1,한나라당,박맹우,朴孟雨,남,1951.12.06,58,울산광역시장,동의대학교 대학원졸업(행정학박사),61.26
5,울산광역시,5,민주노동당,김창현,金昌鉉,남,1962.07.15,47,정당인,고려대학교 정책대학원 졸업(정치학석사),29.25
5,울산광역시,7,진보신당,노옥희,盧玉姬,여,1958.05.15,52,정당인,부산대학교 수학과 졸업,9.48
5,경기도,1,한나라당,김문수,金文洙,남,1951.08.27,58,경기도지사,서울대학교 경영대학 경영학과 졸,52.2
5,경기도,8,국민참여당,유시민,柳時敏,남,1959.07.28,50,정당인,서울대학교 사회과학대학 경제학과 졸업,47.79
5,강원도,1,한나라당,이계진,李季振,남,1946.11.23,63,정당인,고려대학교 국어국문학과 졸업,45.63
5,강원도,2,민주당,이광재,李光宰,남,1965.02.28,45,정당인,연세대학교 법학과 졸업,54.36
5,충청북도,1,한나라당,정우택,鄭宇澤,남,1953.02.18,57,공무원(충청북도지사),미국 하와이대학원 경제학3년 졸업(경제학 박사),45.91
5,충청북도,2,민주당,이시종,李始鍾,남,1947.04.18,63,정당인,서울대학교 문리과대학 정치학과 졸업,51.22
5,충청북도,7,진보신당,김백규,金伯奎,남,1955.12.28,54,정당인,충북대학교 법무대학원 졸업(법학석사),2.86
5,충청남도,1,한나라당,박해춘,朴海春,남,1948.05.25,62,정당인,연세대학교 수학과 졸업,17.79
5,충청남도,2,민주당,안희정,安熙正,남,1965.05.01,45,정당인,고려대학교 철학과 졸업,42.25
5,충청남도,3,자유선진당,박상돈,朴商敦,남,1949.09.03,60,정당인,서울대학교 행정대학원 졸업,39.94
5,전라북도,1,한나라당,정운천,鄭雲天,남,1954.04.10,56,한식재단이사장,원광대학교 행정대학원 행정학과 졸업(행정학석사),18.2
5,전라북도,2,민주당,김완주,金完柱,남,1946.05.25,64,정무직공무원(전라북도지사),서울대학교 행정대학원 행정학과 졸업,68.67
5,전라북도,5,민주노동당,하연호,河然鎬,남,1953.11.05,56,정당인,전북대학교 농과대학 농학과 졸업,6.3
5,전라북도,7,진보신당,염경석,廉京石,남,1960.08.05,49,정당인,전북대학교 법무대학원 석사과정 수료,4.28
5,전라북도,8,평화민주당,김대식,金大植,남,1955.07.22,54,정당인,연세대학교 정경대학원 정치학전공 석사과정 재학,2.52
5,전라남도,1,한나라당,김대식,金大植,남,1962.08.11,47,교수,일본 교토 오타니대학 대학원 문학박사,13.39
5,전라남도,2,민주당,박준영,朴晙瑩,남,1946.10.21,63,공무원(전라남도지사),성균관대학교 대학원 졸업(정치학박사),68.3
5,전라남도,5,민주노동당,박웅두,朴雄斗,남,1968.07.27,41,정당인,전남대학교 농학과 졸업,10.9
5,전라남도,7,평화민주당,김경재,金景梓,남,1942.11.03,67,정당인,서울대학교 정치학과 졸업,7.39
5,경상북도,1,한나라당,김관용,金寬容,남,1942.11.29,67,경상북도지사,영남대학교 행정대학원 졸업 (행정학석사),75.36
5,경상북도,2,민주당,홍의락,洪宜洛,남,1955.03.11,55,기업인,고려대학교 농과대학 농업경제학과 졸업,11.82
5,경상북도,5,민주노동당,윤병태,尹炳兌,남,1961.03.11,49,정당인(민주노동당경상북도당 위원장),영남대학교 대학원 박사학위과정(문화인류학과 사회인류학 전공) 수료,5.6
5,경상북도,7,국민참여당,유성찬,劉聖贊,남,1965.10.24,44,정당인 (국민참여당경북도당 위원장),고려대학교 공과대학 사회환경시스템공학과 졸업,7.2
5,경상남도,1,한나라당,이달곤,李達坤,남,1953.09.11,56,정당인,미국 하버드대학 정책학박사,46.49
5,경상남도,7,무소속,김두관,金斗官,남,1959.04.10,51,정치인,동아대학교 정치외교학과 졸업,53.5
5,제주특별자치도,2,민주당,고희범,高喜範,남,1953.01.21,57,정당인,한국외국어대학교 이탈리아어과 졸업,18.03
5,제주특별자치도,8,무소속,현명관,玄明官,남,1941.09.02,68,무직,서울대학교 법과대학 법학과졸업,40.55
5,제주특별자치도,9,무소속,우근민,禹瑾敏,남,1942.11.04,67,정치인,경희대학교 경영행정대학원(행정학석사) 졸업,41.4
6,서울특별시,1,새누리당,정몽준,鄭夢準,남,1951.10.17,62,아산사회복지재단 이사장,서울대학교 경제학과 졸업,43.02
6,서울특별시,2,새정치민주연합,박원순,朴元淳,남,1956.03.26,58,서울특별시장,단국대학교 문리과대학 사학과 졸업(문학사),56.12
6,서울특별시,3,통합진보당,정태흥,鄭泰興,남,1971.06.25,42,정당인,고려대학교 법과대학 법학과 졸업,0.48
6,서울특별시,4,새정치당,홍정식,洪貞植,남,1950.06.08,63,시민단체 활빈단 대표,연세대학교 행정대학원 졸업(행정학 석사),0.35
6,부산광역시,1,새누리당,서병수,徐秉洙,남,1952.01.09,62,정당인,북일리노이대학교 박사과정 졸업(1983.9. ~ 1987.12. 경제학 박사),50.65
6,부산광역시,4,무소속,오거돈,吳巨敦,남,1948.10.28,65,한국해양대학교 석좌교수,서울대학교 철학과 졸업,49.34
6,대구광역시,1,새누리당,권영진,權泳臻,남,1962.12.10,51,정당인,고려대학교 일반대학원 정치외교학과 졸업(정치학 박사),55.95
6,대구광역시,2,새정치민주연합,김부겸,金富謙,남,1958.01.21,56,정당인,서울대학교 사회과학대학 정치학과 졸업,40.33
6,대구광역시,3,통합진보당,송영우,宋映雨,남,1973.09.17,40,정당인,경북대학교 사회학과 졸업(문학사),1.04
6,대구광역시,4,정의당,이원준,李源晙,남,1970.10.15,43,정당인,경북대학교 인문대학 한문학과 졸업,1.24
6,대구광역시,5,무소속,이정숙,李定淑,여,1967.02.06,47,계명대학교 강사,파리 소르본느대학원 언어학 DEA(준)박사(1996.9~1999.9),1.42
6,인천광역시,1,새누리당,유정복,劉正福,남,1957.06.16,56,정당인,연세대학교 대학원 정치학과 박사과정 수료,49.95
6,인천광역시,2,새정치민주연합,송영길,宋永吉,남,1963.03.21,51,인천광역시장,연세대학교 경영학과 졸업,48.2
6,인천광역시,3,통합진보당,신창현,申昌?,남,1969.09.03,44,정당인,고려대학교 언어과학과 3년 제적,1.83
6,광주광역시,1,새누리당,이정재,李正宰,남,1946.12.03,67,정당인,조선대학교 대학원 졸업(이학박사),3.4
6,광주광역시,2,새정치민주연합,윤장현,尹壯鉉,남,1949.04.26,65,정당인,조선대학교 대학원 의학박사,57.85
6,광주광역시,3,통합진보당,윤민호,尹敏皓,남,1970.09.09,43,정당인,조선대학교 자연과학대학 환경학과 제적(1990.03.02.~1997.09.24.),3.34
6,광주광역시,4,노동당,이병훈,李昞勳,남,1970.04.20,44,노무사,미기재,1.06
6,광주광역시,5,무소속,강운태,姜雲太,남,1948.11.15,65,광주광역시장,서울대학교 외교학과 졸업,31.77
6,광주광역시,7,무소속,이병완,李炳浣,남,1954.11.11,59,정치인,고려대학교 정경대학 신문방송학과 졸업,2.56
6,대전광역시,1,새누리당,박성효,朴城孝,남,1955.02.20,59,정당인,대전대학교 대학원 졸업(행정학 박사),46.76
6,대전광역시,2,새정치민주연합,권선택,權善宅,남,1955.12.01,58,정당인,대전대학교대학원 행정학과 졸업(행정학 박사),50.07
6,대전광역시,3,통합진보당,김창근,金昌根,남,1955.05.07,59,정당인,금산고등학교 졸업,1.39
6,대전광역시,4,정의당,한창민,韓昌旼,남,1973.07.22,40,정당인,공주대학교 교육대학원 졸업(교육학 석사),1.76
6,울산광역시,1,새누리당,김기현,金起炫,남,1959.02.21,55,정치인,서울대학교 법학과 졸업,65.42
6,울산광역시,4,정의당,조승수,趙承洙,남,1963.01.22,51,정당인,동국대학교 대학원 북한학과 박사과정 수료(4학기),26.43
6,울산광역시,5,노동당,이갑용,李甲用,남,1959.07.27,54,노동자,동해중학교 졸업,8.13
6,세종특별자치시,1,새누리당,유한식,兪漢植,남,1949.06.20,64,공무원,홍익대학교 산업대학원 졸업 (경영학석사),42.21
6,세종특별자치시,2,새정치민주연합,이춘희,李春熙,남,1955.12.06,58,정당인,한양대학교 도시대학원 도시개발경영학과 졸업(도시학 박사),57.78
6,경기도,1,새누리당,남경필,南景弼,남,1965.01.20,49,정당인,美 예일대학교 경영대학원 졸업(경영학 석사,
6,경기도,2,새정치민주연합,김진표,金振杓,남,1947.05.04,67,정당인,서울대학교 법과대학 법학과 졸업,49.56
6,강원도,1,새누리당,최흥집,崔興集,남,1951.08.20,62,정당인,강원대학교 경영행정대학원 행정학과 졸업(행정학 석사),48.17
6,강원도,2,새정치민주연합,최문순,崔文洵,남,1956.02.04,58,공무원,서울대학교 대학원 영어영문학과 졸업(문학석사),49.76
6,강원도,3,통합진보당,이승재,李承宰,남,1969.09.11,44,정당인,강원대학교 사범대학 수학교육과 졸업,2.05
6,충청북도,1,새누리당,윤진식,尹鎭植,남,1946.03.04,68,정당인,건국대학교 대학원 졸업(경제학박사),47.68
6,충청북도,2,새정치민주연합,이시종,李始鍾,남,1947.04.18,67,충청북도지사,서울대학교 문리과대학 정치학과 졸업,49.75
6,충청북도,3,통합진보당,신장호,申璋鎬,남,1968.05.16,46,정당인,경희대학교 행정학과 졸업,2.56
6,충청남도,1,새누리당,정진석,鄭鎭碩,남,1960.09.04,53,정당인,고려대학교 정치외교학과 졸업,43.95
6,충청남도,2,새정치민주연합,안희정,安熙正,남,1965.05.01,49,충청남도지사,고려대학교 철학과 졸업,52.21
6,충청남도,4,무소속,김기문,金基文,남,1969.01.16,45,(일반)행정사,청운대학교 산업기술경영대학원 관광통상경영학과 졸업(석사),3.83
6,전라북도,1,새누리당,박철곤,朴鐵坤,남,1952.05.30,62,북한 이탈주민 미래희망센터 회장,전주대학교 일반대학원 졸업 (법학박사),20.45
6,전라북도,2,새정치민주연합,송하진,宋河珍,남,1952.04.29,62,정당인,고려대학교 대학원 졸업(행정학 박사),69.23
6,전라북도,3,통합진보당,이광석,李光石,남,1951.04.01,63,농민,군산고등학교 졸업,10.31
6,전라남도,1,새누리당,이중효,李重孝,남,1960.12.28,53,가천대학교 겸임교수,조선대학교 대학원 졸업(법학박사),9.55
6,전라남도,2,새정치민주연합,이낙연,李洛淵,남,1952.12.20,61,정당인,서울대학교 법과대학 법학과 졸업,77.96
6,전라남도,3,통합진보당,이성수,李城秀,남,1969.04.28,45,노동자,중앙대학교 정치외교학과 졸업,12.47
6,경상북도,1,새누리당,김관용,金寬容,남,1942.11.29,71,공무원(경상북도지사),영남대학교 행정대학원 졸업[행정학석사(자치행정)],77.73
6,경상북도,2,새정치민주연합,오중기,吳仲基,남,1967.07.23,46,정당인,영남대학교 문과대학 철학과 졸업,14.93
6,경상북도,3,통합진보당,윤병태,尹炳兌,남,1961.03.11,53,정당인,영남대학교 대학원 박사과정 수료,2.63
6,경상북도,4,정의당,박창호,朴唱鎬,남,1966.06.01,48,정당인,위덕대학교 사회복지학과 졸업,4.69
6,경상남도,1,새누리당,홍준표,洪準杓,남,1954.12.05,59,공무원,고려대학교 법과대학 행정학과 졸업,58.85
6,경상남도,2,새정치민주연합,김경수,金慶洙,남,1967.12.01,46,정당인,서울대학교 인류학과 졸업,36.05
6,경상남도,3,통합진보당,강병기,姜炳基,남,1960.09.15,53,정당인,부산대학교 공과대학 기계공학과 졸업,5.09
6,제주특별자치도,1,새누리당,원희룡,元喜龍,남,1964.02.14,50,정당인,서울대학교 법과대학 공법학과 졸업,59.97
6,제주특별자치도,2,새정치민주연합,신구범,愼久範,남,1942.02.02,72,농업,한국방송통신대학교 법학과 3학년 재학중,34.53
6,제주특별자치도,3,통합진보당,고승완,高承完,남,1964.08.22,49,농업,국제문화대학원대학교 문예창작교육 문학 석사,4.23
6,제주특별자치도,4,새정치당,주종근,朱鐘根,남,1947.02.10,67,종교인,군산상업고등학교 졸,1.26
